family_id,document,claim_category,element,coverage,claim_location,evidence_url,confidence,notes
DVL-FAM-001,US9493565B2,composition,"anti-B7-H1/PD-L1 antibody with sequence-defined variable regions and Fc engineering",明确披露,independent-claim set; sequence-defined claims,https://patents.google.com/patent/US9493565B2/en,medium,"Representative composition family; exact live claim set must be checked in USPTO Patent Center."
DVL-FAM-001,US9493565B2,use,"use of the antibody against PD-L1/B7-H1-mediated immune suppression",可能覆盖,description and use claims,https://patents.google.com/patent/US9493565B2/en,medium,"Use disclosure is not automatically equivalent to a live enforceable method claim."
DVL-FAM-002,US20190256603A1,combination,"durvalumab plus tremelimumab",明确披露,claims/abstract,https://patents.google.com/patent/US20190256603A1/en,high,"Public page explicitly describes the combination."
DVL-FAM-002,US20190256603A1,patient-selection,"PD-L1-negative NSCLC with high CD8+ tumor-infiltrating lymphocytes",明确披露,claims/abstract,https://patents.google.com/patent/US20190256603A1/en,high,"Biomarker/patient-selection signal; verify each national claim set."
DVL-FAM-003,WO2024213696A1,regimen,"durvalumab plus platinum chemotherapy before resection, followed by adjuvant durvalumab",明确披露,claims 53-65 as reproduced on public page,https://patents.google.com/patent/WO2024213696A1/en,high,"Rapid-screen claim extraction from public page; PCT claims can change during prosecution."
DVL-FAM-004,WO2022248478A1,indication,"locally advanced unresectable stage III NSCLC with concurrent platinum-based chemoradiation",可能覆盖,description/examples; claim review pending,https://patents.google.com/patent/WO2022248478A1/en,medium,"Durvalumab appears in the public disclosure; independent-claim specificity not yet confirmed."
DVL-FAM-005,US20210054079A1,formulation,"human anti-PD-L1 antibody formulation with stabilizing excipients",可能覆盖,description/formulation claims,https://patents.google.com/patent/US20210054079A1/en,medium,"Formulation family is broader than a durvalumab product claim in this quick screen."
DVL-FAM-006,WO2019165434A1,combination,"anti-TIGIT plus anti-PD-L1 antagonist dosing",可能覆盖,description and claims; durvalumab linkage pending,https://patents.google.com/patent/WO2019165434A1/en,low,"Boundary competitor/pathway family."
DVL-FAM-007,WO2024234348A1,biomarker,"NSCLC immune-checkpoint response gene-expression panel",可能覆盖,description/claims; no durvalumab-specific linkage found,https://patents.google.com/patent/WO2024234348A1/en,low,"Adjacent biomarker space, not a direct durvalumab resistance claim."
