family_id,family_definition,representative_document,representative_publication,applications,grants,earliest_priority,publication_date,applicant_or_assignee,applicant,inventors,jurisdictions,claim_categories,claim_theme,key_claim_elements,mutation_or_biomarker,official_status,status_as_of,status_source,status_confidence,confidence,source_url,notes
P53-FAM-001,"MDM2-p53 interaction antagonist core (nutlin cis-imidazoline class, Roche)",US20050239095A1,US20050239095A1,WO2004065360A2;US10/539048;EP1587494A2;CN1745077A,,2003-01-21,2005-10-27,F. Hoffmann-La Roche AG,F. Hoffmann-La Roche AG,,WO;US;EP;CN;JP,compound;composition;indication,MDM2-p53 界面拮抗剂小分子（nutlin 类）,cis-imidazoline MDM2 antagonist (nutlin class) blocking p53-MDM2 interaction; composition and method of treating cancer,wild-type p53 restoration,public mirror;待官方核验,2026-08-07,Google Patents XHR via Jina mirror,low,low,https://patents.google.com/patent/US20050239095A1/en,Roche nutlin 类骨架为 MDM2-p53 拮抗剂领域起点；代表文献为族内公开文本，US 授权号待核验。
P53-FAM-002,idasanutlin (RG7388) MDM2 antagonist (Roche),WO2013102522A1,WO2013102522A1,PCT/EP2013/000002;US14/370900;EP2802552A1;CN104039774A;JP6067021B2,JP6067021B2,2012-01-06,2013-07-11,F. Hoffmann-La Roche AG,F. Hoffmann-La Roche AG,,WO;US;EP;CN;JP;KR,compound;composition;indication,MDM2-p53 界面拮抗剂（idasanutlin/RG7388）,pyrrolidinone-based MDM2 antagonist RG7388/idasanutlin; pharmaceutical composition and treatment of hematologic cancer,wild-type p53 restoration; TP53-wt AML/MDS,public mirror;待官方核验,2026-08-07,Google Patents XHR via Jina mirror,low,low,https://patents.google.com/patent/WO2013102522A1/en,idasanutlin 为进入临床后期的 MDM2 拮抗剂；US 授权号与 PTE 待官方核验。
P53-FAM-003,siremadlin (HDM201) MDM2 antagonist and combination (Novartis),US20190276414A1,US20190276414A1,PCT/IB2018/050194;WO2018142350A1;US16/486147;CN110325523A,,2017-01-06,2019-09-12,Novartis AG,Novartis AG,,WO;US;EP;CN;JP;KR;AU,compound;composition;indication;combination,MDM2-p53 拮抗剂（siremadlin/HDM201）及联用,"HDM201/siremadlin (MDM2-p53 interaction inhibitor) compound, composition, and combination use in treating cancer",TP53-wt; p53 通路状态生物标志物,public mirror;待官方核验,2026-08-07,Google Patents XHR via Jina mirror,low,low,https://patents.google.com/patent/WO2018142350A1/en,Novartis HDM201 系列；剂量/给药方案族见 CA2992221C/AU2017362040B2，本族为化合物与联用方向。
P53-FAM-004,navtemadlin (KRT-232) MDM2 antagonist treatment methods (Kartos/MD Anderson),US20210379052A1,US20210379052A1,PCT/US2019/033386;WO2019226559A1;US17/055096;CN112533612A,,2018-05-10,2021-12-09,Kartos Therapeutics Inc.,Kartos Therapeutics Inc.,,WO;US;EP;CN;JP;KR;AU,compound;indication;regimen,MDM2 拮抗剂给药方案与治疗用途（navtemadlin/KRT-232）,"KRT-232/navtemadlin MDM2 inhibitor and method of treating cancer (including myelofibrosis, AML) with defined dosing regimen",TP53-wt myelofibrosis; p53 通路,public mirror;待官方核验,2026-08-07,Google Patents XHR via Jina mirror,low,low,https://patents.google.com/patent/WO2019226559A1/en,Kartos navtemadlin 治疗方案族；CN120037232A/KR20210019422A 为同族国家阶段。
P53-FAM-005,milademetan (DS-3032b) MDM2 antagonist (Daiichi Sankyo),WO2012165504A1,WO2012165504A1,PCT/JP2012/003716;US14/123558;EP2714664A1;CN103688172A;JP6052802B2,JP6052802B2,2011-06-03,2012-12-06,"Daiichi Sankyo Co., Ltd.","Daiichi Sankyo Co., Ltd.",,WO;US;EP;CN;JP;KR,compound;composition;indication,MDM2 拮抗剂（milademetan/DS-3032b）,DS-3032b/milademetan spiro-oxindole MDM2 antagonist; composition and treatment of cancer,wild-type p53,public mirror;待官方核验,2026-08-07,Google Patents XHR via Jina mirror,low,low,https://patents.google.com/patent/WO2012165504A1/en,Daiichi Sankyo milademetan 化合物族；代表公开文本为 WO2012165504A1。
P53-FAM-006,APG-115/alrizomadlin MDM2 antagonist and BCL-2 combination (Ascentage),US20180280374A1,US20180280374A1,PCT/US2018/014748;WO2018140850A1;US16/483716;CN110612094A,,2017-01-20,2018-10-04,"Ascentage Pharma (Suzhou) Co., Ltd.","Ascentage Pharma (Suzhou) Co., Ltd.",,WO;US;EP;CN;JP;KR;AU,compound;composition;combination;indication,MDM2 拮抗剂（APG-115/alrizomadlin）及 BCL-2 联用,APG-115/alrizomadlin MDM2 inhibitor; combination product with BCL-2 inhibitor and use in treating cancer,TP53-wt; 血液肿瘤,public mirror;待官方核验,2026-08-07,Google Patents XHR via Jina mirror,low,low,https://patents.google.com/patent/WO2018140850A1/en,Ascentage APG-115 化合物与联用族；AU2019314624B2/US12268665B2 为同族成员。
P53-FAM-007,AMG-232 MDM2 antagonist combination therapy (Amgen),US20170071908A1,US20170071908A1,PCT/US2015/029257;WO2015172117A1;US15/308713;CN106456578A,,2014-05-12,2017-03-16,Amgen Inc.,Amgen Inc.,,WO;US;EP;CN;JP;KR;AU,compound;composition;combination;indication,MDM2 拮抗剂联用疗法（AMG-232）,AMG-232 MDM2 inhibitor and combination therapy with additional agent in treating p53 wild-type cancer,TP53-wt; p53 pathway,public mirror;待官方核验,2026-08-07,Google Patents XHR via Jina mirror,low,low,https://patents.google.com/patent/WO2015172117A1/en,Amgen AMG-232 联用疗法族；AU2020201321B2 为同族授权成员。
P53-FAM-008,APR-246/eprenetapopt mutant p53 reactivator (Aprea/Karolinska),WO2021053155A1,WO2021053155A1,PCT/IB2020/058395;US17/760607;JP2022549435A,,2019-09-18,2021-03-25,Aprea Therapeutics AB,Aprea Therapeutics AB,,WO;US;EP;JP;KR;CN;AU,compound;composition;indication;combination,突变 p53 再激活（APR-246/eprenetapopt）及联用,APR-246/eprenetapopt (PRIMA-1MET) mutant p53 reactivator; combination with Bcl-2/Mcl-1 inhibitor and rituximab in treating TP53-mutant cancer and lymphoma,TP53-mutant MDS/AML; Y220C/other mutants,public mirror;待官方核验,2026-08-07,Google Patents XHR via Jina mirror,low,low,https://patents.google.com/patent/WO2021053155A1/en,Aprea APR-246 联用族；原 PRIMA-1MET 化合物族(3-quinuclidinone)见 JP6106228B2/DK2525796T3。
P53-FAM-009,PRIMA-1MET 3-quinuclidinone mutant p53 reactivator core (Aprea),JP6106228B2,JP6106228B2,PCT/SE2011/050043;WO2011088896A1;US13/520377;EP2525796A1;CN102781438A,JP6106228B2;EP2525796B1;DK2525796T3,2010-01-21,2017-03-29,Aprea AB,Aprea AB,,WO;US;EP;CN;JP;KR;AU,compound;formulation;indication,突变 p53 再激活核心化合物（3-quinuclidinone/PRIMA-1MET）,3-quinuclidinone derivative (PRIMA-1MET/APR-246) aqueous solution for reactivating mutant p53 and treating cancer,TP53-mutant solid tumors,public mirror;待官方核验,2026-08-07,Google Patents XHR via Jina mirror,low,low,https://patents.google.com/patent/JP6106228B2/en,Aprea 3-quinuclidinone 核心化合物族；为 APR-246 的活性成分保护方向。
P53-FAM-010,rezatapopt (PC14586) p53-Y220C reactivator (PMV Pharma),EP4034104B1,EP4034104B1,PCT/US2020/051466;WO2021055757A1;US17/760614;EP4034104A1;CN114786666A,EP4034104B1,2019-09-23,2025-08-06,"PMV Pharmaceuticals, Inc.","PMV Pharmaceuticals, Inc.",Binh Vu;Romyr Dominique;Hongju Li;Bruce Fahr;Andrew Good,WO;US;EP;CN;JP;KR;AU,compound;composition;indication;dosage;biomarker,"突变 p53 再激活（rezatapopt/PC14586, p53-Y220C）","small-molecule p53-Y220C reactivator (rezatapopt/PC14586); compound claim, composition, method of inducing apoptosis in p53-mutant cell, and treatment of cancer with defined dose range (20-2000 mg)",TP53-Y220C mutation; mutant-specific biomarker,Active (EP granted; anticipated expiration 2040-09-22),2026-08-07,Google Patents XHR via Jina mirror + EP4034104B1 detail page,medium,medium,https://patents.google.com/patent/EP4034104B1/en,PMV rezatapopt 为核心 Y220C 再激活剂；EP4034104B1 权利要求含化合物、组合物、凋亡方法、癌症治疗与剂量范围。
P53-FAM-011,Jacobio mutant p53-targeting compounds (Y220C),WO2023016434A1,WO2023016434A1,PCT/CN2022/110588;US18/680495;CN117500790A,,2021-08-10,2023-02-16,"Jacobio Pharmaceuticals Co., Ltd.","Jacobio Pharmaceuticals Co., Ltd.",Sujing LI,WO;US;EP;CN;JP;KR;AU,compound;composition;indication,突变 p53 靶向化合物（Y220C，加科思）,"small-molecule reactivators targeting mutant p53 (e.g. Y220C) distinct from PC14586; compound, composition, method of treating p53-mutant cancer",TP53-Y220C,public mirror;待官方核验,2026-08-07,Google Patents XHR via Jina mirror,low,low,https://patents.google.com/patent/WO2023016434A1/en,加科思(Jacobio) p53-Y220C 系列；TW202435861A 为同族台湾成员。
P53-FAM-012,COTI-2 p53-reactivating compound (Critical Outcome Technologies),US9284275B2,US9284275B2,PCT/CA2008/000069;WO2008101311A1;US12/524183;EP2121644A1;CN101687846A,US9284275B2;EP2121644B1,2007-01-11,2016-03-15,Critical Outcome Technologies Inc.,Critical Outcome Technologies Inc.,,WO;US;EP;CN;JP;KR;AU,compound;composition;indication,突变 p53 再激活（COTI-2）,COTI-2 thiosemicarbazone/pyrimidine-based compound reactivating mutant p53 and treating cancer,TP53-mutant; broad mutant reactivation,public mirror;待官方核验,2026-08-07,Google Patents XHR via Jina mirror,low,low,https://patents.google.com/patent/US9284275B2/en,COTI-2 为广谱突变 p53 再激活候选；US8420643B2 为同族另一授权成员。
P53-FAM-013,Aileron stabilized p53 peptides (MDM2-p53/MDMX-p53 interface),US10202431B2,US10202431B2,PCT/US2008/052684;WO2008095000A2;US12/525859;EP2120997A2;CN101687903A,US10202431B2;EP2120997B1,2007-01-31,2019-02-12,"Aileron Therapeutics, Inc.","Aileron Therapeutics, Inc.",,WO;US;EP;CN;JP;KR;AU,compound;peptide;composition;indication,稳定 p53 肽（MDM2/MDMX-p53 界面）,stabilized (stapled) p53 peptide targeting MDM2/MDMX-p53 interface; composition and method of restoring p53 activity,p53 pathway activation,public mirror;待官方核验,2026-08-07,Google Patents XHR via Jina mirror,low,low,https://patents.google.com/patent/US10202431B2/en,Aileron 稳定 p53 肽为蛋白-蛋白界面方向的生物大分子代表。
P53-FAM-014,Canji/Schering recombinant adenoviral p53 gene therapy (Ad-p53),US7041284B2,US7041284B2,PCT/US1994/012284;WO1995012679A1;US08/338827;EP0723506B1;CN1137907A,US7041284B2;EP0723506B1,1993-10-25,2006-05-09,"Canji, Inc. (Schering)","Canji, Inc. (Schering)",Richard J. Gregory,WO;US;EP;CN;JP;KR;RU,gene therapy;vector;composition;indication,p53 基因治疗（腺病毒载体，Canji/SCH-58500）,recombinant adenoviral vector expressing p53 under CMV promoter; method of suppressing tumor growth and treating p53-deficient tumors,p53-deficient tumor; p53 restoration,public mirror;待官方核验,2026-08-07,Google Patents XHR via Jina mirror,low,low,https://patents.google.com/patent/US7041284B2/en,Canji Ad-p53/SCH-58500 为 p53 基因治疗经典；优先权 1993，多个国家授权，多数已进入或接近期限末。
P53-FAM-015,Multivir p53 biomarkers and tumor suppressor gene therapy,US9746471B2,US9746471B2,PCT/US2009/032029;WO2009094623A1;US12/864330;EP2257301A1;CN101998843A,US9746471B2;EP2257301B1,2008-01-25,2017-08-29,Multivir Inc.,Multivir Inc.,,WO;US;EP;CN;JP;KR;AU,biomarker;diagnostic;indication;gene therapy,p53 生物标志物与基因治疗（Multivir）,p53 biomarker profile predicting response to p53 gene therapy in hyperproliferative disease; method of patient selection and treatment,p53 biomarker profile; response prediction,public mirror;待官方核验,2026-08-07,Google Patents XHR via Jina mirror,low,low,https://patents.google.com/patent/US9746471B2/en,Multivir p53 生物标志物族为伴随诊断/患者分层方向的代表。
P53-FAM-016,Gendicine Ad5CMV-p53 gene therapy (Shenzhen SiBiono),CN101274096B,CN101274096B,CN200710176394.5;CN101274096A;US20090117147A1,CN101274096B,2007-10-26,2012-07-25,"Shenzhen SiBiono GeneTech Co., Ltd.","Shenzhen SiBiono GeneTech Co., Ltd. (深圳赛百诺)",,CN;US;WO,gene therapy;vector;composition;indication,p53 基因治疗（Gendicine/今又生 Ad5CMV-p53）,Ad5CMV-p53 (Gendicine/今又生) recombinant adenovirus expressing human wild-type p53; pharmaceutical composition and method of treating cancer,p53 restoration; head and neck cancer,public mirror;待官方核验,2026-08-07,Google Patents XHR via Jina mirror; 领域知识,low,low,https://patents.google.com/patent/CN101274096B/en,Gendicine 为全球首个获批的 p53 基因治疗产品(中国2003)；核心族 CN101274096B 依据公开检索与领域知识，需 CNIPA 官方系统补检确认。
P53-FAM-017,oncolytic p53 adenoviruses (E1A/E1B mutants; UT/UC and Hangzhou Converd),US10080774B2,US10080774B2,PCT/US2003/012127;WO2003099327A2;US10/512631;EP1501525A2;CN1655818A,US10080774B2;EP1501525B1,2002-04-17,2018-09-25,"Board of Regents, The University of Texas System","Board of Regents, The University of Texas System",,WO;US;EP;CN;JP;KR;AU,gene therapy;vector;combination;indication,溶瘤腺病毒 p53（E1A/E1B 突变体）,oncolytic adenovirus armed with therapeutic genes (including p53); selective replication and tumor killing; combination with chemotherapy,p53 restoration; tumor-selective lysis,public mirror;待官方核验,2026-08-07,Google Patents XHR via Jina mirror,low,low,https://patents.google.com/patent/US10080774B2/en,UT/UC 溶瘤腺病毒(E1A/E1B 突变)代表；杭州康万达(Convero)US11786552B2/US20240100106A1 为新一代溶瘤 p53 方向。
P53-FAM-018,Arvinas MDM2-based PROTAC (p53/MDM2 degradation),US20220127279A1,US20220127279A1,PCT/US2016/041474;WO2017011680A1;US15/742127;EP3319600A1;CN107835800A,,2015-07-10,2022-04-28,"Arvinas Operations, Inc.","Arvinas Operations, Inc.",,WO;US;EP;CN;JP;KR;AU,compound;degrader;composition;indication,"MDM2 靶向蛋白降解（PROTAC, Arvinas）",MDM2-based bifunctional PROTAC (MDM2-binding ligand + E3 ligase ligand) for selective degradation of MDM2/p53-pathway proteins; composition and method of treating cancer,p53 pathway protein degradation,public mirror;待官方核验,2026-08-07,Google Patents XHR via Jina mirror,low,low,https://patents.google.com/patent/US20220127279A1/en,Arvinas MDM2-PROTAC 系列；US12577255B2 为后续授权成员。
P53-FAM-019,University of Michigan MDM2 protein degraders (MDM2-p53 axis),WO2017176957A1,WO2017176957A1,PCT/US2017/026020;US16/092347;US20190211053A1,,2016-04-06,2017-10-12,The Regents of the University of Michigan,The Regents of the University of Michigan,,WO;US;EP;CN;JP;KR;AU,compound;degrader;composition;indication,"MDM2 蛋白降解剂（Michigan, PROTAC 方向）",MDM2 protein degraders (PROTAC-like) and related monofunctional intermediates for ligand-dependent degradation; cancer treatment,p53 pathway protein degradation,public mirror;待官方核验,2026-08-07,Google Patents XHR via Jina mirror,low,low,https://patents.google.com/patent/WO2017176957A1/en,密歇根大学 MDM2 降解剂与 WO2017176958A1 中间体族互补。
P53-FAM-020,p53 cancer vaccine / immunogen (Neovacs),US8101165B2,US8101165B2,PCT/EP2001/009145;WO2002013854A1;US10/344154;EP1307196A1;CN1444474A,US8101165B2;EP1307196B1,2000-08-09,2012-01-24,Neovacs,Neovacs,,WO;US;EP;CN;JP;KR;AU,vaccine;immunogen;composition;indication,p53 癌症疫苗/免疫原（Neovacs）,p53-derived immunogen/peptide vaccine for treating or preventing p53-expressing malignant tumors; immune response induction,p53-expressing tumor; immunogenic p53 epitope,public mirror;待官方核验,2026-08-07,Google Patents XHR via Jina mirror,low,low,https://patents.google.com/patent/US8101165B2/en,Neovacs p53 免疫原方向为疫苗类代表；p53 疫苗整体为概览边界方向。
P53-FAM-021,C4 Therapeutics MDM2-relevant degronimers/degraders,WO2017197046A1,WO2017197046A1,PCT/US2017/031379;US16/099275;EP3455250A1;CN109195948A,,2016-05-10,2017-11-16,"C4 Therapeutics, Inc.","C4 Therapeutics, Inc.",,WO;US;EP;CN;JP;KR;AU,compound;degrader;composition;indication,"靶向蛋白降解（C4 Therapeutics, 含 MDM2 方向）",targeted protein degradation (degronimer) chemistry including MDM2/p53 pathway targets; composition and method of treating cancer,p53 pathway protein degradation,public mirror;待官方核验,2026-08-07,Google Patents XHR via Jina mirror,low,low,https://patents.google.com/patent/WO2017197046A1/en,C4 Therapeutics 降解技术族，p53 方向为其中一个应用方向。
P53-FAM-022,p53-Y220C reactivator China follow-on (Changchun Genescience),CN117986235A,CN117986235A,CN202311476196.1,,2022-11-04,2024-05-07,"Changchun Genescience Pharmaceutical Co., Ltd.","Changchun Genescience Pharmaceutical Co., Ltd. (长春金赛药业)",陆标;金磊;杨方龙;李阿敏;潘建峰;王思勤;王燕萍;耿开骏,CN;WO,compound;composition;indication,"突变 p53 再激活中国跟进（p53-Y220C, 长春金赛）",p53-Y220C selective small-molecule reactivator; pharmaceutical composition and use in treating p53-Y220C mutant cancer,TP53-Y220C,"CN application (公开), 审查中",2026-08-07,Google Patents XHR via Jina mirror,low,low,https://patents.google.com/patent/CN117986235A/en,金赛药业 p53-Y220C 系列为国内跟进方向代表，属审查中公开申请。
P53-FAM-023,Otsuka MDM2 antagonist biomarkers (navtemadlin companion),US20230338337A1,US20230338337A1,PCT/US2020/066870;WO2021133772A1;US17/781290;CN116472049A,,2019-12-23,2023-10-26,"Otsuka Pharmaceutical Co., Ltd.","Otsuka Pharmaceutical Co., Ltd.",,WO;US;EP;CN;JP;KR;AU,biomarker;diagnostic;indication;regimen,MDM2 拮抗剂伴随诊断生物标志物（大冢制药）,biomarkers for cancer therapy using MDM2 antagonists (navtemadlin); patient selection and treatment method,TP53 status biomarker; patient selection,public mirror;待官方核验,2026-08-07,Google Patents XHR via Jina mirror,low,low,https://patents.google.com/patent/WO2021133772A1/en,Otsuka navtemadlin 伴随诊断生物标志物族。
P53-FAM-024,Genentech/Roche hydroxypyrrolidine MDM2 antagonists,WO2019084026A1,WO2019084026A1,PCT/US2018/057094;US16/754688;CN111406046A,,2017-10-24,2019-05-02,"Genentech, Inc.","Genentech, Inc.",,WO;US;EP;CN;JP;KR;AU,compound;composition;indication,MDM2 拮抗剂（Genentech 4-羟吡咯烷类）,(4-hydroxypyrrolidin-2-yl)-heterocyclic MDM2 antagonists; composition and method of treating cancer,wild-type p53; MDM2 amplification,public mirror;待官方核验,2026-08-07,Google Patents XHR via Jina mirror,low,low,https://patents.google.com/patent/WO2019084026A1/en,Genentech 新一代 MDM2 骨架(4-羟吡咯烷)代表；WO2019084030A1 羟肟酸类为同方向相邻族。
P53-FAM-025,Multivir p53 combination immunotherapy (CD8+ T cell enhancer + p53 therapy),WO2021113644A1,WO2021113644A1,PCT/US2020/063355;US17/781536,,2019-12-05,2021-06-10,Multivir Inc.,Multivir Inc.,Robert E. Sobol,WO;US;EP;CN;JP;KR;AU,combination;immunotherapy;indication;regimen,p53 疗法联合免疫治疗（Multivir）,"combination of CD8+ T cell enhancer, immune checkpoint inhibitor and p53 tumor suppressor therapy (including small-molecule mutant p53 reactivators such as PC14586/APR-246); method of treating cancer",mutant p53; immune checkpoint; combination immunotherapy,public mirror;待官方核验,2026-08-07,Google Patents XHR via Jina mirror,low,low,https://patents.google.com/patent/WO2021113644A1/en,Multivir p53 联合免疫治疗族，权利要求点名 PC14586/APR-246 等再激活剂。
