family_id,family_definition,representative_document,representative_application,grants,earliest_priority,publication_date,applicant_or_assignee,inventors,jurisdictions,claim_theme,claim_categories,key_claim_elements,mutation_or_biomarker,official_status,status_as_of,status_source,status_confidence,source_url,relevance,notes
TA-FAM-001,WebSearch screen only (single WO publication surfaced; no confirmed DOCDB simple-family members),WO2020112889A2,PCT/US2019/063427,,待核验(检索片段未确认精确优先权号/日期),2020(具体公开日期未核实),"Alector LLC(推断,基于同项目其他专利同名发明人模式，未见本篇受让人字段直接确认)",Kathryn M. Monroe; Alicia A. Nugent,WO,Agonist anti-TREM2 antibody for treating dysregulated lipid metabolism and/or atherosclerosis,method of treatment;use,对哺乳动物施用有效量的激动性抗TREM2抗体以治疗脂质代谢紊乱或动脉粥样硬化相关疾病/病症;说明书提及TREM2表达于动脉粥样硬化病灶巨噬细胞,,待核验,2026-08-06,WebSearch聚合摘要片段;未直接访问WIPO Patentscope/Google Patents原始页面(WebFetch被环境安全策略拦截),low,https://patents.google.com/patent/WO2020112889A2/en,core,"本案唯一在检索片段中明确以动脉粥样硬化为治疗方法权利要求对象的族;申请人字段为推断,未经官方确认;优先权号、公开日、族内其他法域成员均未核实,需人工登录WIPO Patentscope/USPTO核实claim原文与国家阶段成员。"
TA-FAM-002,WebSearch screen; DOCDB family members per aggregator snippet,WO2016023019A2,PCT/US2015/044396,"(US member: US20170240631A1, 未核实是否已授权)",2014-08-08,2016(具体公开日期未核实),Alector LLC,Kate Monroe; Tina Schwabe; Francesca Avogadri-Connors; Ilaria Tassi; Helen Lam; Arnon Rosenthal,WO;AU;CN;MX;CA;JP;NZ;US,Anti-TREM2/anti-DAP12 antibody composition and methods of use (Alzheimer's disease/MS focus); AL002/AL002a的基础组合物族,composition;antibody;use,结合并激动人TREM2的抗体;通过TREM2/DAP12信号通路激动髓系细胞;用于治疗与TREM2功能丧失相关的疾病(阿尔茨海默病、多发性硬化),,待核验,2026-08-06,"WebSearch聚合摘要片段(Google Patents聚合站点标注为""Ceased"",该标注为站点自动推断且明确声明非法律结论,未经官方登记簿核实)",low,https://patents.google.com/patent/WO2016023019A2/en,context,"本族权利要求未见明确覆盖动脉粥样硬化适应症;仅其代表性抗体的同源分子AL002a被独立学术研究(ATVB 2024)用于动脉粥样硬化斑块稳定性实验,论文作者为Alector雇员,但该研究本身不是专利文本,不能作为claim覆盖证据;是本领域最早的Alector TREM2激动性抗体基础族,列为背景/组合物层context。"
TA-FAM-003,WebSearch screen only,US11186636B2,PCT/US2018/028691 (US16/500378),US11186636B2(2021-11-30授权),"2018-04-20(基于PCT申请日,是否存在更早优先权未核实)",2021-11-30(授权日),Amgen Inc.,待核验(检索片段未列出发明人),US;WO,"Agonist anti-human TREM2 antibody; methods of treating TREM2 loss-of-function conditions (Alzheimer's disease, multiple sclerosis)",composition;antibody;use,特异性结合并激活人TREM2的抗原结合蛋白;在不依赖Fc介导交联的情况下激活TREM2/DAP12信号;用于治疗阿尔茨海默病、多发性硬化,,"待核验(聚合站点显示已授权,未经USPTO Patent Center直接核实维持状态)",2026-08-06,WebSearch聚合摘要片段(Justia/Golden wiki二手引用),low,https://patents.google.com/patent/US11186636B2/en,boundary,"Amgen独立于Alector的激动性抗体族;权利要求聚焦神经退行性疾病,检索片段未见动脉粥样硬化相关权利要求;作为TREM2激动性抗体竞争布局的边界命中记录。"
TA-FAM-004,"WebSearch screen; relationship between WO2018195506A1及后续同标题申请未核实优先权是否相同,暂按可能关联的INPADOC扩展族处理",WO2018195506A1,,,待核验,2018-10-25,Denali Therapeutics Inc.,待核验(检索片段未列出发明人),WO,TREM2 antigen binding proteins (agonist antibodies) and uses thereof,composition;antibody;use,"特异性结合并激活人TREM2的抗原结合蛋白(基础激动性抗体平台,为ATV:TREM2/DNL919的前置技术)",,待核验,2026-08-06,WebSearch聚合摘要片段,low,https://patents.google.com/patent/WO2018195506A1/en,boundary,"同标题后续申请(WO2023039612A1、US20240376199A1)在检索片段中被其他专利引用为背景/优先技术,但彼此优先权号是否相同未核实,不应直接当作同一DOCDB简单族合并计数;检索片段未见动脉粥样硬化相关权利要求。"
TA-FAM-005,WebSearch screen only,WO2019055841A1,,US11124567B2,待核验,待核验,Denali Therapeutics Inc.,待核验(检索片段未列出发明人),WO;US,"TREM2-activating antibody engineered with transferrin-receptor-binding transport vehicle (ATV) for blood-brain-barrier transcytosis (→ DNL919/TAK-920, 与Takeda共同开发)",composition;antibody;use,"激动性抗TREM2抗体,Fc域工程化插入转铁蛋白受体结合序列,用于跨血脑屏障递送",,待核验,2026-08-06,WebSearch聚合摘要片段,low,https://patents.google.com/patent/WO2019055841A1/en,boundary,"血脑屏障递送工程化分支,与WO2018195506A1基础抗体族相关但技术特征不同(需分别解析);DNL919已于阿尔茨海默病I期临床因安全性信号(可逆性血液学毒性)终止开发;检索片段未见动脉粥样硬化相关权利要求或适应症提及。"
TA-FAM-006,WebSearch screen only; 未直接访问专利原文,WO2022120373A1,,,待核验,待核验,"Amgen Inc.(推断,基于同业专利背景引用,未直接核实本篇受让人字段)",待核验,WO,hT2AB anti-TREM2 antibody,composition;antibody;use,"待核验(检索片段仅显示hT2AB在pSYK检测中活性数据,未获取claim原文)",,待核验,2026-08-06,"WebSearch聚合摘要片段(经竞品专利背景部分间接引用,数据来源Ellwanger 2021)",very_low,https://patents.google.com/patent/WO2022120373A1/en,boundary,"本次检索未直接访问该专利原文,适应症范围及是否提及动脉粥样硬化均未核实,仅作为Amgen激动性抗体竞争布局的存在性记录。"
TA-FAM-007,"WebSearch screen; 二手统计(ChemJam)称同主题WO申请约10件,本次仅核实到2件公开号",WO2025136936A1,,,待核验,待核验,"Amgen Inc. / Vigil Neuroscience, Inc.(该项目自Amgen分拆予Vigil,具体各件申请受让人字段未逐一核实)",待核验,WO,"Small molecule TREM2 agonists (oral, brain-penetrant); lead compound VG-3927",composition;small molecule;use,待核验(检索片段未获取claim原文;VG-3927开发聚焦阿尔茨海默病),,待核验,2026-08-06,WebSearch聚合摘要片段;另见WO2024097798同主题申请,very_low,https://patents.google.com/patent/WO2025136936A1/en,boundary,"同主题WO申请约10件(二手统计,未逐一核实),本次仅确认WO2024097798、WO2025136936A1两个公开号,其余8件记为检索缺口;检索片段未确认动脉粥样硬化是否出现在说明书或权利要求中;VG-3927开发方Vigil于2025年5月被Sanofi以约4.7亿美元收购,原Amgen来源的iluzanebart项目权利将返还Amgen(不属本项目)。"
TA-FAM-008,WebSearch screen only,WO2025046298A2,,(US member: US20250282868A1),"待核验(US20250282868A1披露称要求2023年9月及2024年4月美国临时申请优先权,精确申请号未核实)",待核验,"iTeos Therapeutics(推断,未见搜索片段直接确认受让人字段)",待核验,WO;US,Antagonist anti-TREM2 antibody (blocks TREM2 multimerization/efferocytosis); lead compound EOS006215/EOS006164/EOS004284; primary indication oncology,composition;antibody;use,"说明书背景部分提及TREM2激活程序与神经退行性疾病、动脉粥样硬化、肥胖、癌症等病理相关,但独立权利要求聚焦以抗TREM2抗体治疗癌症的方法,未见动脉粥样硬化作为权利要求限定的治疗适应症",,待核验,2026-08-06,WebSearch聚合摘要片段,low,https://patents.google.com/patent/WO2025046298A2/en,boundary,"机制与本案研究方向(TREM2激动)相反——为拮抗性抗体,抑制而非激动TREM2/efferocytosis;仅背景章节提及动脉粥样硬化,判定为""背景提及/未见披露""而非""可能覆盖"";iTeos已收到Concentra Biosciences收购要约(2026年披露),管线状态需持续关注变化。"
TA-FAM-009,"WebSearch screen only; 排除项(记录理由,不计入核心/边界统计)",CN114010658A,,,待核验,待核验,待核验(检索片段未提供受让人字段),待核验,CN,TREM2hi巨噬细胞过继性细胞治疗心脏功能障碍(脓毒症、心肌梗死、心力衰竭),method of treatment;cell therapy,"分离健康小鼠心脏TREM2hi巨噬细胞,经心包腔内注射用于治疗心脏功能障碍模型",,待核验,2026-08-06,WebSearch聚合摘要片段,low,https://patents.google.com/patent/CN114010658A/zh,excluded,"排除原因:技术方案为过继性细胞治疗(非TREM2调节药物/抗体/小分子),适应症为心脏功能障碍(脓毒症/心梗/心衰)而非动脉粥样硬化本身;与本案研究对象(TREM2靶向药物+动脉粥样硬化)技术形态和适应症均不匹配,按质量门槛要求保留排除记录及理由,不计入核心/边界统计。"
